{
  "timestamp": "2025-12-09T17:55:40.610738",
  "num_samples": 3782,
  "psnr_mean": 33.6687768156919,
  "ssim_mean": 0.9669814705848694,
  "lpips_mean": 0.033704485845816576,
  "mse_mean": 0.0007272437932104104,
  "ms_ssim_mean": 0.983408953157258,
  "temporal_pixel_mean": 0.0007272438004587128,
  "temporal_flow_mean": 0.23484648764133453
}