{
  "timestamp": "2025-12-09T15:03:48.850973",
  "num_samples": 3782,
  "psnr_mean": 35.61003720059797,
  "ssim_mean": 0.9779229760169983,
  "lpips_mean": 0.022304254781600336,
  "mse_mean": 0.000458716333884124,
  "ms_ssim_mean": 0.9893345861823265,
  "temporal_pixel_mean": 0.0004587163389552423,
  "temporal_flow_mean": 0.1696569174528122
}